PG id,Object Count
0,768
1,740
2,1108
3,889
4,795
5,840
6,805
7,856
8,713
9,790
10,813
11,771
12,801
13,662
14,746
15,726
16,746
17,802
18,772
19,776
20,787
21,864
22,724
23,882
24,902
25,719
26,857
27,793
28,977
29,879
30,819
31,717
32,767
33,869
34,839
35,969
36,707
37,888
38,704
39,1179
40,778
41,790
42,840
43,954
44,858
45,1091
46,792
47,754
48,676
49,774
50,809
51,870
52,793
53,918
54,759
55,743
56,685
57,902
58,690
59,777
60,785
61,926
62,802
63,752
64,1041
65,784
66,793
67,876
68,797
69,666
70,907
71,764
72,957
73,955
74,817
75,839
76,614
77,798
78,824
79,767
80,1043
81,789
82,1040
83,993
84,726
85,832
86,858
87,1031
88,728
89,823
90,763
91,806
92,837
93,730
94,743
95,784
96,814
97,720
98,745
99,931
100,762
101,865
102,924
103,813
104,798
105,682
106,720
107,782
108,775
109,753
110,782
111,946
112,744
113,788
114,706
115,929
116,886
117,711
118,718
119,861
120,768
121,787
122,736
123,766
124,795
125,758
126,803
127,1001
128,948
129,757
130,737
131,718
132,781
133,883
134,709
135,839
136,809
137,858
138,953
139,770
140,888
141,860
142,881
143,875
144,790
145,802
146,800
147,821
148,692
149,806
150,829
151,785
152,849
153,828
154,653
155,749
156,763
157,911
158,926
159,764
160,773
161,708
162,846
163,917
164,719
165,815
166,850
167,823
168,825
169,695
170,938
171,797
172,739
173,807
174,755
175,936
176,799
177,805
178,873
179,882
180,910
181,701
182,801
183,767
184,838
185,710
186,987
187,745
188,836
189,798
190,1005
191,789
192,730
193,814
194,862
195,887
196,678
197,895
198,661
199,848
200,925
201,703
202,722
203,837
204,1070
205,879
206,815
207,775
208,887
209,742
210,909
211,1045
212,867
213,889
214,741
215,880
216,793
217,895
218,926
219,791
220,704
221,882
222,1006
223,741
224,793
225,869
226,1020
227,736
228,795
229,790
230,819
231,740
232,781
233,850
234,751
235,810
236,788
237,977
238,780
239,775
240,776
241,863
242,717
243,994
244,753
245,907
246,736
247,787
248,838
249,664
250,880
251,889
252,892
253,718
254,871
255,830
256,989
257,916
258,746
259,913
260,817
261,837
262,757
263,888
264,674
265,797
266,927
267,788
268,906
269,852
270,811
271,831
272,740
273,902
274,919
275,877
276,794
277,785
278,738
279,775
280,797
281,764
282,763
283,802
284,861
285,906
286,795
287,919
288,894
289,944
290,790
291,848
292,875
293,812
294,748
295,948
296,757
297,843
298,892
299,978
300,782
301,744
302,724
303,776
304,777
305,799
306,917
307,898
308,799
309,779
310,1021
311,778
312,777
313,630
314,669
315,729
316,804
317,810
318,804
319,741
320,873
321,823
322,867
323,761
324,890
325,914
326,772
327,837
328,798
329,835
330,696
331,811
332,821
333,908
334,880
335,1093
336,884
337,791
338,737
339,693
340,773
341,944
342,1209
343,866
344,708
345,863
346,845
347,839
348,753
349,802
350,761
351,772
352,885
353,729
354,759
355,715
356,866
357,833
358,732
359,814
360,726
361,754
362,615
363,844
364,803
365,767
366,986
367,781
368,744
369,892
370,824
371,882
372,848
373,805
374,969
375,850
376,1019
377,706
378,777
379,747
380,952
381,757
382,810
383,727
384,741
385,751
386,866
387,817
388,717
389,804
390,836
391,956
392,746
393,750
394,940
395,813
396,872
397,787
398,853
399,782
400,779
401,870
402,809
403,909
404,913
405,855
406,799
407,734
408,775
409,969
410,911
411,723
412,915
413,843
414,752
415,870
416,902
417,823
418,789
419,853
420,821
421,788
422,848
423,862
424,735
425,922
426,856
427,806
428,908
429,765
430,842
431,743
432,813
433,834
434,741
435,697
436,926
437,794
438,771
439,777
440,801
441,789
442,652
443,691
444,812
445,785
446,655
447,864
448,809
449,855
450,781
451,822
452,805
453,938
454,857
455,822
456,861
457,734
458,800
459,829
460,800
461,800
462,782
463,734
464,904
465,765
466,767
467,782
468,760
469,747
470,762
471,817
472,832
473,899
474,935
475,876
476,750
477,750
478,739
479,852
480,835
481,764
482,718
483,844
484,792
485,794
486,777
487,825
488,913
489,728
490,751
491,925
492,781
493,932
494,953
495,816
496,801
497,906
498,848
499,861
500,940
501,756
502,865
503,1001
504,788
505,762
506,801
507,756
508,883
509,734
510,781
511,994
512,770
513,814
514,796
515,781
516,752
517,951
518,725
519,1251
520,729
521,909
522,825
523,667
524,833
525,744
526,832
527,845
528,680
529,730
530,876
531,714
532,904
533,740
534,778
535,773
536,876
537,825
538,832
539,776
540,792
541,742
542,818
543,679
544,788
545,840
546,753
547,683
548,759
549,853
550,874
551,773
552,733
553,1032
554,787
555,1063
556,898
557,922
558,793
559,858
560,809
561,797
562,891
563,756
564,763
565,811
566,803
567,879
568,814
569,790
570,834
571,873
572,812
573,886
574,826
575,794
576,952
577,708
578,796
579,744
580,922
581,942
582,746
583,779
584,844
585,704
586,770
587,839
588,754
589,709
590,874
591,694
592,895
593,681
594,893
595,900
596,757
597,776
598,785
599,792
600,738
601,835
602,874
603,772
604,815
605,787
606,979
607,768
608,779
609,736
610,869
611,863
612,798
613,851
614,717
615,1039
616,874
617,1005
618,751
619,877
620,821
621,817
622,747
623,908
624,848
625,793
626,749
627,797
628,750
629,828
630,790
631,743
632,716
633,782
634,1087
635,727
636,870
637,870
638,733
639,874
640,960
641,778
642,838
643,835
644,992
645,831
646,814
647,765
648,994
649,725
650,780
651,829
652,777
653,810
654,747
655,694
656,797
657,875
658,835
659,880
660,783
661,775
662,793
663,798
664,797
665,828
666,721
667,841
668,817
669,694
670,686
671,759
672,751
673,1054
674,796
675,684
676,942
677,770
678,671
679,919
680,1143
681,754
682,1152
683,870
684,772
685,864
686,925
687,900
688,785
689,722
690,697
691,861
692,839
693,818
694,868
695,629
696,815
697,855
698,764
699,842
700,747
701,777
702,732
703,825
704,1096
705,739
706,714
707,738
708,725
709,889
710,932
711,787
712,784
713,816
714,777
715,803
716,1009
717,711
718,830
719,936
720,695
721,877
722,765
723,758
724,958
725,1069
726,982
727,884
728,814
729,785
730,753
731,1084
732,717
733,796
734,764
735,713
736,837
737,823
738,762
739,805
740,763
741,677
742,683
743,735
744,822
745,794
746,748
747,777
748,745
749,777
750,772
751,890
752,932
753,953
754,794
755,850
756,831
757,832
758,828
759,864
760,776
761,778
762,707
763,873
764,869
765,921
766,814
767,866
768,697
769,817
770,786
771,669
772,715
773,795
774,698
775,981
776,773
777,857
778,835
779,898
780,993
781,828
782,802
783,816
784,813
785,800
786,889
787,874
788,740
789,842
790,856
791,760
792,818
793,822
794,704
795,799
796,681
797,687
798,771
799,835
800,879
801,974
802,826
803,757
804,778
805,808
806,734
807,682
808,813
809,952
810,926
811,862
812,721
813,978
814,752
815,1035
816,933
817,932
818,741
819,737
820,939
821,920
822,816
823,836
824,862
825,783
826,807
827,923
828,725
829,936
830,712
831,914
832,810
833,905
834,960
835,840
836,745
837,775
838,802
839,677
840,815
841,940
842,732
843,927
844,805
845,727
846,816
847,790
848,827
849,911
850,725
851,926
852,855
853,964
854,924
855,818
856,911
857,905
858,813
859,932
860,836
861,907
862,834
863,729
864,918
865,761
866,799
867,1015
868,814
869,762
870,853
871,766
872,950
873,870
874,704
875,799
876,1023
877,953
878,869
879,746
880,896
881,692
882,775
883,798
884,852
885,844
886,812
887,734
888,703
889,753
890,789
891,826
892,805
893,893
894,929
895,803
896,807
897,770
898,928
899,749
900,899
901,830
902,915
903,728
904,782
905,677
906,833
907,673
908,767
909,716
910,741
911,839
912,772
913,927
914,768
915,738
916,780
917,722
918,778
919,720
920,844
921,847
922,830
923,796
924,1033
925,822
926,880
927,758
928,773
929,869
930,782
931,671
932,882
933,938
934,934
935,936
936,785
937,851
938,748
939,807
940,684
941,776
942,685
943,871
944,860
945,722
946,982
947,759
948,749
949,873
950,797
951,817
952,830
953,868
954,680
955,814
956,1056
957,768
958,818
959,743
960,794
961,971
962,830
963,857
964,779
965,840
966,738
967,913
968,727
969,843
970,793
971,768
972,756
973,747
974,798
975,673
976,699
977,758
978,907
979,760
980,871
981,650
982,876
983,730
984,751
985,777
986,745
987,751
988,769
989,826
990,909
991,830
992,744
993,834
994,718
995,804
996,739
997,722
998,860
999,811
1000,852
1001,885
1002,868
1003,786
1004,722
1005,919
1006,872
1007,775
1008,790
1009,874
1010,762
1011,923
1012,886
1013,791
1014,674
1015,671
1016,756
1017,868
1018,736
1019,791
1020,746
1021,740
1022,832
1023,896
1024,789
1025,798
1026,953
1027,799
1028,928
1029,723
1030,700
1031,793
1032,731
1033,932
1034,778
1035,828
1036,953
1037,880
1038,749
1039,815
1040,823
1041,697
1042,694
1043,917
1044,844
1045,707
1046,940
1047,1029
1048,769
1049,916
1050,837
1051,907
1052,814
1053,932
1054,999
1055,780
1056,830
1057,873
1058,760
1059,846
1060,879
1061,930
1062,1094
1063,958
1064,898
1065,954
1066,871
1067,928
1068,894
1069,909
1070,887
1071,853
1072,823
1073,797
1074,710
1075,634
1076,975
1077,677
1078,742
1079,784
1080,814
1081,864
1082,961
1083,959
1084,883
1085,956
1086,884
1087,961
1088,836
1089,768
1090,816
1091,738
1092,788
1093,720
1094,739
1095,836
1096,803
1097,855
1098,853
1099,852
1100,950
1101,859
1102,727
1103,852
1104,797
1105,752
1106,806
1107,818
1108,917
1109,813
1110,773
1111,851
1112,769
1113,730
1114,937
1115,734
1116,868
1117,773
1118,677
1119,924
1120,800
1121,711
1122,862
1123,804
1124,732
1125,771
1126,748
1127,663
1128,816
1129,872
1130,781
1131,813
1132,906
1133,778
1134,788
1135,812
1136,779
1137,851
1138,778
1139,768
1140,722
1141,825
1142,790
1143,716
1144,922
1145,799
1146,817
1147,789
1148,792
1149,936
1150,902
1151,880
1152,842
1153,798
1154,755
1155,862
1156,861
1157,806
1158,729
1159,791
1160,764
1161,777
1162,772
1163,644
1164,760
1165,736
1166,851
1167,1018
1168,923
1169,869
1170,918
1171,861
1172,843
1173,1108
1174,804
1175,742
1176,932
1177,873
1178,733
1179,649
1180,806
1181,706
1182,788
1183,783
1184,795
1185,1002
1186,807
1187,764
1188,906
1189,708
1190,711
1191,809
1192,751
1193,738
1194,746
1195,1005
1196,969
1197,763
1198,752
1199,843
1200,795
1201,715
1202,829
1203,778
1204,876
1205,820
1206,813
1207,799
1208,981
1209,873
1210,756
1211,764
1212,741
1213,794
1214,731
1215,750
1216,846
1217,795
1218,683
1219,689
1220,697
1221,891
1222,918
1223,768
1224,696
1225,908
1226,1119
1227,797
1228,717
1229,855
1230,780
1231,886
1232,742
1233,843
1234,785
1235,825
1236,844
1237,777
1238,764
1239,792
1240,797
1241,838
1242,784
1243,932
1244,715
1245,852
1246,900
1247,770
1248,772
1249,853
1250,903
1251,771
1252,782
1253,838
1254,726
1255,770
1256,890
1257,814
1258,854
1259,692
1260,780
1261,852
1262,867
1263,760
1264,880
1265,809
1266,854
1267,864
1268,902
1269,828
1270,757
1271,805
1272,769
1273,900
1274,777
1275,736
1276,757
1277,988
1278,825
1279,859
1280,757
1281,831
1282,807
1283,776
1284,673
1285,861
1286,814
1287,849
1288,803
1289,737
1290,821
1291,832
1292,845
1293,713
1294,718
1295,802
1296,748
1297,740
1298,831
1299,791
1300,830
1301,782
1302,702
1303,816
1304,774
1305,745
1306,707
1307,711
1308,741
1309,762
1310,890
1311,767
1312,660
1313,794
1314,711
1315,819
1316,883
1317,698
1318,861
1319,1057
1320,748
1321,840
1322,803
1323,807
1324,998
1325,1035
1326,921
1327,815
1328,874
1329,869
1330,864
1331,817
1332,973
1333,895
1334,1112
1335,853
1336,764
1337,794
1338,1126
1339,861
1340,953
1341,670
1342,997
1343,815
1344,737
1345,788
1346,667
1347,957
1348,971
1349,914
1350,908
1351,785
1352,987
1353,685
1354,924
1355,774
1356,835
1357,953
1358,783
1359,810
1360,825
1361,862
1362,876
1363,677
1364,716
1365,702
1366,858
1367,741
1368,764
1369,997
1370,799
1371,804
1372,725
1373,957
1374,904
1375,706
1376,798
1377,860
1378,692
1379,680
1380,802
1381,890
1382,717
1383,728
1384,713
1385,762
1386,729
1387,742
1388,931
1389,806
1390,977
1391,946
1392,755
1393,752
1394,916
1395,935
1396,730
1397,992
1398,800
1399,830
1400,836
1401,763
1402,872
1403,1020
1404,725
1405,822
1406,839
1407,857
1408,796
1409,752
1410,969
1411,776
1412,720
1413,707
1414,744
1415,1073
1416,860
1417,757
1418,832
1419,645
1420,986
1421,876
1422,871
1423,790
1424,873
1425,771
1426,731
1427,812
1428,943
1429,746
1430,866
1431,801
1432,1040
1433,824
1434,862
1435,890
1436,1016
1437,814
1438,765
1439,812
1440,811
1441,892
1442,892
1443,871
1444,813
1445,797
1446,737
1447,725
1448,693
1449,735
1450,854
1451,1000
1452,949
1453,913
1454,683
1455,855
1456,746
1457,750
1458,891
1459,839
1460,805
1461,708
1462,869
1463,749
1464,803
1465,818
1466,801
1467,968
1468,789
1469,773
1470,838
1471,715
1472,860
1473,692
1474,742
1475,843
1476,743
1477,814
1478,767
1479,856
1480,848
1481,776
1482,868
1483,872
1484,816
1485,719
1486,795
1487,874
1488,727
1489,689
1490,792
1491,791
1492,796
1493,706
1494,835
1495,1018
1496,879
1497,867
1498,735
1499,924
1500,777
1501,834
1502,938
1503,896
1504,812
1505,762
1506,837
1507,737
1508,1073
1509,809
1510,810
1511,1052
1512,986
1513,1038
1514,753
1515,880
1516,756
1517,884
1518,837
1519,918
1520,933
1521,831
1522,759
1523,764
1524,682
1525,796
1526,862
1527,864
1528,731
1529,793
1530,1022
1531,815
1532,854
1533,838
1534,775
1535,717
1536,852
1537,759
1538,824
1539,753
1540,720
1541,1077
1542,818
1543,855
1544,818
1545,864
1546,840
1547,695
1548,813
1549,935
1550,810
1551,794
1552,812
1553,854
1554,801
1555,708
1556,779
1557,907
1558,679
1559,926
1560,663
1561,877
1562,859
1563,851
1564,1097
1565,800
1566,856
1567,880
1568,794
1569,908
1570,859
1571,821
1572,800
1573,663
1574,836
1575,924
1576,842
1577,854
1578,900
1579,818
1580,760
1581,779
1582,748
1583,886
1584,746
1585,731
1586,757
1587,814
1588,748
1589,808
1590,833
1591,782
1592,808
1593,788
1594,712
1595,828
1596,770
1597,710
1598,743
1599,761
1600,804
1601,934
1602,781
1603,874
1604,845
1605,1010
1606,760
1607,810
1608,828
1609,829
1610,937
1611,888
1612,726
1613,956
1614,861
1615,676
1616,933
1617,1026
1618,642
1619,870
1620,892
1621,762
1622,874
1623,986
1624,729
1625,831
1626,792
1627,931
1628,717
1629,832
1630,891
1631,932
1632,825
1633,829
1634,760
1635,729
1636,895
1637,766
1638,890
1639,778
1640,1016
1641,902
1642,851
1643,787
1644,825
1645,803
1646,766
1647,845
1648,785
1649,758
1650,787
1651,812
1652,757
1653,762
1654,697
1655,793
1656,894
1657,918
1658,809
1659,720
1660,979
1661,920
1662,807
1663,788
1664,827
1665,935
1666,905
1667,873
1668,670
1669,780
1670,930
1671,853
1672,734
1673,864
1674,807
1675,755
1676,790
1677,687
1678,814
1679,704
1680,714
1681,816
1682,849
1683,958
1684,852
1685,890
1686,971
1687,970
1688,774
1689,709
1690,866
1691,940
1692,760
1693,776
1694,800
1695,867
1696,812
1697,930
1698,825
1699,832
1700,738
1701,806
1702,832
1703,961
1704,654
1705,865
1706,902
1707,823
1708,826
1709,965
1710,822
1711,805
1712,834
1713,855
1714,840
1715,851
1716,704
1717,786
1718,738
1719,766
1720,1012
1721,795
1722,750
1723,843
1724,639
1725,992
1726,784
1727,783
1728,793
1729,731
1730,733
1731,829
1732,912
1733,664
1734,817
1735,759
1736,1105
1737,750
1738,880
1739,775
1740,892
1741,799
1742,680
1743,893
1744,1023
1745,920
1746,655
1747,920
1748,830
1749,815
1750,823
1751,825
1752,913
1753,930
1754,885
1755,857
1756,691
1757,688
1758,871
1759,867
1760,741
1761,969
1762,774
1763,844
1764,718
1765,858
1766,845
1767,868
1768,907
1769,774
1770,819
1771,809
1772,779
1773,832
1774,779
1775,931
1776,750
1777,807
1778,828
1779,908
1780,803
1781,849
1782,850
1783,835
1784,897
1785,752
1786,815
1787,815
1788,795
1789,935
1790,830
1791,837
1792,934
1793,897
1794,880
1795,1057
1796,788
1797,852
1798,796
1799,899
1800,840
1801,817
1802,730
1803,945
1804,756
1805,838
1806,801
1807,939
1808,731
1809,744
1810,910
1811,740
1812,757
1813,883
1814,792
1815,713
1816,937
1817,906
1818,780
1819,863
1820,906
1821,817
1822,833
1823,885
1824,921
1825,905
1826,655
1827,712
1828,805
1829,778
1830,851
1831,875
1832,767
1833,715
1834,744
1835,797
1836,753
1837,860
1838,830
1839,835
1840,906
1841,813
1842,879
1843,851
1844,914
1845,948
1846,949
1847,847
1848,844
1849,666
1850,734
1851,784
1852,746
1853,697
1854,819
1855,701
1856,755
1857,898
1858,702
1859,889
1860,922
1861,908
1862,851
1863,830
1864,840
1865,788
1866,946
1867,979
1868,816
1869,979
1870,783
1871,729
1872,844
1873,866
1874,778
1875,863
1876,881
1877,952
1878,786
1879,991
1880,901
1881,852
1882,823
1883,840
1884,992
1885,917
1886,760
1887,877
1888,888
1889,1075
1890,732
1891,806
1892,769
1893,894
1894,1025
1895,798
1896,751
1897,886
1898,748
1899,791
1900,873
1901,807
1902,861
1903,1120
1904,891
1905,724
1906,796
1907,823
1908,779
1909,856
1910,752
1911,1076
1912,707
1913,673
1914,809
1915,804
1916,747
1917,967
1918,1159
1919,836
1920,801
1921,857
1922,855
1923,1039
1924,749
1925,749
1926,833
1927,914
1928,806
1929,695
1930,1032
1931,798
1932,895
1933,1022
1934,806
1935,837
1936,889
1937,762
1938,777
1939,905
1940,930
1941,805
1942,776
1943,978
1944,1163
1945,1063
1946,1063
1947,770
1948,771
1949,873
1950,692
1951,823
1952,937
1953,840
1954,733
1955,741
1956,885
1957,825
1958,1151
1959,954
1960,890
1961,1149
1962,1017
1963,966
1964,1067
1965,780
1966,820
1967,714
1968,792
1969,813
1970,1068
1971,724
1972,1045
1973,1197
1974,805
1975,823
1976,840
1977,740
1978,717
1979,832
1980,896
1981,964
1982,903
1983,858
1984,833
1985,900
1986,801
1987,763
1988,793
1989,774
1990,734
1991,1189
1992,743
1993,895
1994,917
1995,880
1996,845
1997,749
1998,789
1999,934
2000,793
2001,836
2002,854
2003,860
2004,790
2005,842
2006,886
2007,914
2008,862
2009,951
2010,733
2011,991
2012,754
2013,748
2014,922
2015,884
2016,783
2017,809
2018,868
2019,844
2020,907
2021,709
2022,759
2023,869
2024,797
2025,1012
2026,727
2027,1123
2028,670
2029,724
2030,846
2031,743
2032,832
2033,847
2034,757
2035,836
2036,1008
2037,798
2038,749
2039,902
2040,840
2041,970
2042,951
2043,956
2044,735
2045,899
2046,789
2047,737
2048,741
2049,748
2050,959
2051,798
2052,903
2053,930
2054,949
2055,749
2056,820
2057,869
2058,828
2059,789
2060,817
2061,847
2062,768
2063,790
2064,762
2065,859
2066,1015
2067,842
2068,859
2069,880
2070,810
2071,747
2072,854
2073,806
2074,903
2075,810
2076,754
2077,869
2078,761
2079,756
2080,866
2081,867
2082,725
2083,853
2084,864
2085,826
2086,867
2087,741
2088,923
2089,774
2090,756
2091,814
2092,1086
2093,880
2094,881
2095,762
2096,923
2097,854
2098,773
2099,741
2100,840
2101,932
2102,856
2103,715
2104,845
2105,756
2106,869
2107,847
2108,907
2109,906
2110,981
2111,972
2112,840
2113,952
2114,755
2115,786
2116,769
2117,893
2118,1010
2119,789
2120,898
2121,867
2122,774
2123,776
2124,749
2125,812
2126,987
2127,917
2128,809
2129,860
2130,910
2131,962
2132,801
2133,920
2134,922
2135,904
2136,802
2137,751
2138,905
2139,789
2140,952
2141,835
2142,926
2143,787
2144,956
2145,997
2146,900
2147,1120
2148,777
2149,710
2150,747
2151,820
2152,867
2153,907
2154,1040
2155,983
2156,826
2157,918
2158,782
2159,893
2160,882
2161,807
2162,898
2163,778
2164,951
2165,878
2166,814
2167,822
2168,782
2169,888
2170,808
2171,827
2172,884
2173,802
2174,868
2175,764
2176,773
2177,741
2178,892
2179,744
2180,919
2181,755
2182,843
2183,935
2184,847
2185,935
2186,874
2187,871
2188,742
2189,950
2190,872
2191,854
2192,920
2193,801
2194,848
2195,781
2196,948
2197,825
2198,1059
2199,746
2200,801
2201,804
2202,958
2203,952
2204,874
2205,821
2206,951
2207,931
2208,895
2209,834
2210,727
2211,853
2212,990
2213,878
2214,844
2215,751
2216,897
2217,920
2218,714
2219,861
2220,837
2221,914
2222,789
2223,762
2224,866
2225,801
2226,749
2227,828
2228,836
2229,821
2230,1028
2231,737
2232,820
2233,892
2234,838
2235,861
2236,854
2237,865
2238,952
2239,930
2240,829
2241,811
2242,1011
2243,794
2244,827
2245,846
2246,768
2247,798
2248,886
2249,919
2250,890
2251,822
2252,882
2253,940
2254,868
2255,865
2256,784
2257,893
2258,793
2259,1028
2260,996
2261,920
2262,987
2263,816
2264,817
2265,845
2266,975
2267,909
2268,914
2269,920
2270,861
2271,832
2272,887
2273,708
2274,843
2275,844
2276,922
2277,866
2278,798
2279,782
2280,971
2281,912
2282,1018
2283,836
2284,916
2285,867
2286,1003
2287,895
2288,787
2289,1086
2290,876
2291,862
2292,805
2293,758
2294,959
2295,884
2296,967
2297,907
2298,875
2299,876
2300,801
2301,828
2302,775
2303,798
2304,897
2305,885
2306,807
2307,1005
2308,808
2309,1059
2310,1091
2311,854
2312,817
2313,827
2314,776
2315,990
2316,824
2317,866
2318,1009
2319,959
2320,1003
2321,959
2322,839
2323,813
2324,969
2325,893
2326,776
2327,907
2328,858
2329,1005
2330,1121
2331,794
2332,956
2333,1017
2334,896
2335,802
2336,873
2337,829
2338,952
2339,1247
2340,841
2341,937
2342,779
2343,1073
2344,852
2345,934
2346,780
2347,954
2348,783
2349,903
2350,1081
2351,804
2352,824
2353,802
2354,730
2355,805
2356,710
2357,1098
2358,842
2359,892
2360,843
2361,1007
2362,829
2363,1018
2364,789
2365,1198
2366,1094
2367,1049
2368,857
2369,1091
2370,863
2371,984
2372,855
2373,854
2374,795
2375,882
2376,841
2377,1000
2378,951
2379,823
2380,1230
2381,890
2382,847
2383,834
2384,867
2385,876
2386,796
2387,893
2388,892
2389,1037
2390,924
2391,832
2392,968
2393,902
2394,857
2395,915
2396,956
2397,812
2398,829
2399,870
2400,940
2401,966
2402,874
2403,1064
2404,843
2405,761
2406,739
2407,900
2408,880
2409,985
2410,758
2411,900
2412,945
2413,822
2414,803
2415,916
2416,860
2417,839
2418,777
2419,733
2420,817
2421,753
2422,747
2423,939
2424,854
2425,823
2426,904
2427,776
2428,1043
2429,772
2430,923
2431,763
2432,920
2433,879
2434,900
2435,840
2436,815
2437,704
2438,911
2439,823
2440,790
2441,706
2442,863
2443,875
2444,866
2445,1009
2446,1031
2447,925
2448,823
2449,888
2450,970
2451,915
2452,852
2453,952
2454,1024
2455,982
2456,819
2457,992
2458,903
2459,901
2460,913
2461,833
2462,863
2463,842
2464,1033
2465,872
2466,864
2467,806
2468,829
2469,867
2470,842
2471,824
2472,788
2473,871
2474,994
2475,903
2476,1163
2477,1001
2478,935
2479,885
2480,1130
2481,869
2482,976
2483,969
2484,843
2485,1024
2486,995
2487,865
2488,975
2489,843
2490,922
2491,808
2492,839
2493,792
2494,828
2495,700
2496,740
2497,770
2498,968
2499,861
2500,1079
2501,885
2502,808
2503,810
2504,902
2505,931
2506,844
2507,853
2508,915
2509,896
2510,826
2511,826
2512,821
2513,917
2514,857
2515,869
2516,953
2517,965
2518,859
2519,921
2520,959
2521,848
2522,850
2523,1026
2524,825
2525,794
2526,843
2527,903
2528,1178
2529,985
2530,833
2531,822
2532,1187
2533,899
2534,848
2535,924
2536,801
2537,871
2538,821
2539,874
2540,865
2541,893
2542,927
2543,851
2544,1098
2545,916
2546,900
2547,937
2548,775
2549,928
2550,794
2551,981
2552,918
2553,964
2554,850
2555,810
2556,913
2557,962
2558,799
2559,851
2560,963
2561,803
2562,794
2563,892
2564,901
2565,892
2566,1076
2567,970
2568,962
2569,852
2570,915
2571,1010
2572,893
2573,929
2574,933
2575,783
2576,809
2577,875
2578,817
2579,953
2580,840
2581,923
2582,928
2583,885
2584,773
2585,826
2586,897
2587,893
2588,830
2589,830
2590,919
2591,886
2592,823
2593,841
2594,961
2595,926
2596,883
2597,915
2598,846
2599,932
2600,922
2601,873
2602,950
2603,981
2604,964
2605,963
2606,880
2607,788
2608,721
2609,908
2610,799
2611,913
2612,1074
2613,934
2614,954
2615,967
2616,753
2617,827
2618,945
2619,906
2620,969
2621,949
2622,1133
2623,767
2624,920
2625,776
2626,954
2627,938
2628,909
2629,940
2630,1288
2631,1156
2632,1087
2633,868
2634,1298
2635,925
2636,841
2637,941
2638,880
2639,806
2640,814
2641,770
2642,889
2643,958
2644,1271
2645,841
2646,841
2647,1234
2648,775
2649,855
2650,750
2651,983
2652,957
2653,816
2654,1004
2655,941
2656,795
2657,787
2658,904
2659,827
2660,961
2661,864
2662,945
2663,870
2664,963
2665,871
2666,866
2667,861
2668,1233
2669,841
2670,1304
2671,1159
2672,1240
2673,875
2674,748
2675,772
2676,1070
2677,860
2678,764
2679,788
2680,1090
2681,833
2682,729
2683,1077
2684,984
2685,906
2686,977
2687,785
2688,844
2689,874
2690,801
2691,655
2692,958
2693,1369
2694,808
2695,917
2696,894
2697,816
2698,907
2699,819
2700,849
2701,764
2702,970
2703,1041
2704,1104
2705,886
2706,1409
2707,809
2708,938
2709,820
2710,974
2711,865
2712,949
2713,768
2714,1126
2715,860
2716,809
2717,852
2718,1173
2719,800
2720,830
2721,932
2722,798
2723,792
2724,1272
2725,785
2726,822
2727,1205
2728,947
2729,1313
2730,872
2731,976
2732,826
2733,982
2734,742
2735,910
2736,908
2737,875
2738,786
2739,791
2740,927
2741,852
2742,713
2743,1165
2744,914
2745,921
2746,989
2747,935
2748,822
2749,828
2750,849
2751,906
2752,817
2753,1270
2754,796
2755,854
2756,687
2757,1041
2758,942
2759,763
2760,898
2761,784
2762,956
2763,873
2764,933
2765,782
2766,965
2767,1032
2768,827
2769,747
2770,744
2771,793
2772,914
2773,1135
2774,1157
2775,922
2776,876
2777,778
2778,995
2779,819
2780,778
2781,862
2782,1095
2783,1335
2784,903
2785,813
2786,859
2787,879
2788,1241
2789,1131
2790,838
2791,1201
2792,751
2793,961
2794,811
2795,932
2796,1084
2797,1106
2798,924
2799,1042
2800,922
2801,878
2802,1105
2803,808
2804,708
2805,875
2806,821
2807,916
2808,934
2809,883
2810,920
2811,857
2812,786
2813,1289
2814,871
2815,820
2816,738
2817,831
2818,930
2819,909
2820,879
2821,903
2822,789
2823,1146
2824,840
2825,1121
2826,1292
2827,1075
2828,804
2829,899
2830,1064
2831,993
2832,973
2833,893
2834,964
2835,935
2836,817
2837,1136
2838,915
2839,870
2840,922
2841,938
2842,828
2843,922
2844,875
2845,1054
2846,922
2847,775
2848,990
2849,929
2850,948
2851,849
2852,966
2853,773
2854,773
2855,797
2856,846
2857,724
2858,792
2859,870
2860,937
2861,820
2862,834
2863,988
2864,802
2865,855
2866,812
2867,955
2868,829
2869,1050
2870,916
2871,762
2872,1005
2873,782
2874,1080
2875,922
2876,1023
2877,813
2878,918
2879,961
2880,875
2881,898
2882,882
2883,767
2884,854
2885,970
2886,928
2887,841
2888,917
2889,845
2890,853
2891,772
2892,837
2893,954
2894,868
2895,985
2896,854
2897,838
2898,932
2899,808
2900,831
2901,886
2902,1001
2903,798
2904,807
2905,780
2906,892
2907,941
2908,798
2909,1005
2910,892
2911,954
2912,851
2913,849
2914,1020
2915,795
2916,748
2917,946
2918,979
2919,794
2920,840
2921,821
2922,894
2923,902
2924,876
2925,823
2926,821
2927,874
2928,743
2929,876
2930,879
2931,840
2932,904
2933,895
2934,860
2935,885
2936,921
2937,921
2938,899
2939,830
2940,763
2941,863
2942,823
2943,890
2944,776
2945,823
2946,776
2947,787
2948,893
2949,900
2950,703
2951,805
2952,815
2953,891
2954,902
2955,834
2956,884
2957,880
2958,820
2959,857
2960,815
2961,958
2962,1073
2963,894
2964,822
2965,906
2966,984
2967,780
2968,771
2969,792
2970,813
2971,697
2972,1094
2973,980
2974,864
2975,1070
2976,953
2977,746
2978,800
2979,948
2980,896
2981,783
2982,874
2983,885
2984,800
2985,826
2986,762
2987,907
2988,1027
2989,802
2990,787
2991,897
2992,869
2993,952
2994,862
2995,868
2996,763
2997,1060
2998,1066
2999,800
3000,846
3001,715
3002,884
3003,882
3004,809
3005,859
3006,785
3007,735
3008,879
3009,992
3010,952
3011,861
3012,856
3013,922
3014,916
3015,886
3016,763
3017,766
3018,813
3019,855
3020,806
3021,734
3022,845
3023,768
3024,951
3025,804
3026,851
3027,1069
3028,968
3029,1003
3030,908
3031,835
3032,935
3033,914
3034,946
3035,754
3036,893
3037,990
3038,944
3039,783
3040,792
3041,917
3042,747
3043,922
3044,749
3045,952
3046,885
3047,1049
3048,1087
3049,794
3050,816
3051,1003
3052,837
3053,873
3054,1036
3055,793
3056,939
3057,801
3058,1078
3059,877
3060,908
3061,819
3062,830
3063,762
3064,973
3065,813
3066,803
3067,1026
3068,961
3069,1004
3070,827
3071,833
3072,792
3073,926
3074,807
3075,728
3076,798
3077,866
3078,884
3079,834
3080,907
3081,1015
3082,793
3083,832
3084,888
3085,1008
3086,976
3087,944
3088,912
3089,786
3090,699
3091,963
3092,851
3093,824
3094,895
3095,1079
3096,951
3097,926
3098,806
3099,878
3100,890
3101,857
3102,1001
3103,1036
3104,716
3105,901
3106,873
3107,871
3108,772
3109,746
3110,871
3111,768
3112,1041
3113,955
3114,835
3115,901
3116,944
3117,907
3118,979
3119,925
3120,990
3121,928
3122,966
3123,1061
3124,827
3125,883
3126,974
3127,942
3128,824
3129,930
3130,752
3131,859
3132,1007
3133,1060
3134,1020
3135,883
3136,1107
3137,994
3138,917
3139,837
3140,846
3141,897
3142,978
3143,881
3144,814
3145,1128
3146,1142
3147,818
3148,908
3149,715
3150,993
3151,880
3152,983
3153,864
3154,1153
3155,884
3156,874
3157,880
3158,981
3159,1181
3160,878
3161,926
3162,767
3163,859
3164,1146
3165,816
3166,830
3167,1224
3168,886
3169,836
3170,1077
3171,911
3172,904
3173,892
3174,1067
3175,789
3176,741
3177,776
3178,825
3179,789
3180,1057
3181,905
3182,859
3183,1154
3184,910
3185,870
3186,768
3187,1054
3188,1155
3189,792
3190,1056
3191,1266
3192,858
3193,843
3194,1369
3195,791
3196,960
3197,822
3198,868
3199,993
3200,994
3201,816
3202,862
3203,968
3204,857
3205,1056
3206,758
3207,862
3208,928
3209,919
3210,889
3211,905
3212,1179
3213,853
3214,894
3215,859
3216,925
3217,959
3218,920
3219,867
3220,839
3221,814
3222,868
3223,762
3224,934
3225,1098
3226,906
3227,859
3228,959
3229,834
3230,985
3231,721
3232,833
3233,704
3234,896
3235,883
3236,922
3237,827
3238,1111
3239,1073
3240,858
3241,842
3242,813
3243,926
3244,830
3245,871
3246,864
3247,1058
3248,834
3249,878
3250,975
3251,1343
3252,787
3253,860
3254,836
3255,809
3256,942
3257,917
3258,800
3259,891
3260,843
3261,996
3262,1142
3263,780
3264,962
3265,1041
3266,693
3267,776
3268,764
3269,738
3270,843
3271,851
3272,932
3273,929
3274,935
3275,891
3276,719
3277,936
3278,808
3279,824
3280,885
3281,711
3282,976
3283,1201
3284,933
3285,961
3286,1170
3287,806
3288,779
3289,1217
3290,799
3291,811
3292,758
3293,884
3294,978
3295,820
3296,768
3297,910
3298,910
3299,947
3300,907
3301,866
3302,1096
3303,1025
3304,942
3305,923
3306,978
3307,901
3308,964
3309,804
3310,971
3311,818
3312,881
3313,960
3314,913
3315,791
3316,761
3317,930
3318,982
3319,817
3320,775
3321,734
3322,900
3323,764
3324,961
3325,1249
3326,792
3327,854
3328,1272
3329,922
3330,820
3331,1060
3332,852
3333,851
3334,804
3335,954
3336,967
3337,853
3338,758
3339,768
3340,872
3341,967
3342,898
3343,958
3344,788
3345,843
3346,839
3347,819
3348,815
3349,927
3350,987
3351,888
3352,870
3353,881
3354,759
3355,851
3356,838
3357,838
3358,1130
3359,878
3360,1226
3361,825
3362,1249
3363,925
3364,947
3365,890
3366,891
3367,858
3368,858
3369,1132
3370,1086
3371,924
3372,905
3373,793
3374,845
3375,790
3376,814
3377,780
3378,1021
3379,995
3380,856
3381,887
3382,1044
3383,847
3384,824
3385,861
3386,926
3387,821
3388,727
3389,917
3390,898
3391,864
3392,944
3393,900
3394,876
3395,936
3396,905
3397,956
3398,877
3399,983
3400,835
3401,929
3402,904
3403,912
3404,1041
3405,921
3406,877
3407,821
3408,1075
3409,937
3410,1093
3411,1072
3412,952
3413,1249
3414,743
3415,881
3416,1125
3417,1151
3418,1231
3419,1244
3420,989
3421,912
3422,927
3423,1283
3424,802
3425,846
3426,814
3427,1101
3428,976
3429,775
3430,872
3431,1148
3432,907
3433,834
3434,836
3435,888
3436,1212
3437,999
3438,914
3439,1121
3440,1183
3441,758
3442,1091
3443,791
3444,828
3445,924
3446,1014
3447,817
3448,1248
3449,799
3450,820
3451,878
3452,802
3453,887
3454,800
3455,784
3456,1107
3457,859
3458,900
3459,1115
3460,817
3461,1086
3462,1019
3463,944
3464,894
3465,957
3466,782
3467,900
3468,1134
3469,1127
3470,1021
3471,949
3472,794
3473,888
3474,1192
3475,873
3476,833
3477,936
3478,877
3479,786
3480,915
3481,1048
3482,960
3483,894
3484,939
3485,919
3486,884
3487,1013
3488,994
3489,700
3490,1037
3491,855
3492,1030
3493,927
3494,915
3495,700
3496,890
3497,997
3498,795
3499,845
3500,929
3501,1198
3502,816
3503,878
3504,828
3505,907
3506,981
3507,803
3508,841
3509,1277
3510,809
3511,875
3512,793
3513,907
3514,868
3515,1100
3516,934
3517,1092
3518,806
3519,846
3520,879
3521,1022
3522,938
3523,825
3524,849
3525,1003
3526,811
3527,889
3528,970
3529,827
3530,821
3531,1057
3532,781
3533,935
3534,1315
3535,936
3536,850
3537,910
3538,797
3539,873
3540,847
3541,1025
3542,826
3543,824
3544,944
3545,903
3546,889
3547,848
3548,846
3549,762
3550,926
3551,762
3552,759
3553,934
3554,775
3555,799
3556,885
3557,900
3558,910
3559,739
3560,809
3561,807
3562,855
3563,786
3564,799
3565,777
3566,969
3567,817
3568,799
3569,942
3570,1018
3571,857
3572,851
3573,807
3574,769
3575,935
3576,801
3577,892
3578,903
3579,1081
3580,875
3581,1007
3582,939
3583,991
3584,774
3585,886
3586,847
3587,972
3588,749
3589,1021
3590,902
3591,1138
3592,755
3593,804
3594,917
3595,773
3596,1094
3597,855
3598,897
3599,855
3600,823
3601,1016
3602,770
3603,992
3604,878
3605,854
3606,780
3607,919
3608,965
3609,852
3610,910
3611,786
3612,935
3613,740
3614,1013
3615,999
3616,797
3617,859
3618,817
3619,788
3620,837
3621,968
3622,904
3623,997
3624,818
3625,724
3626,887
3627,862
3628,794
3629,912
3630,793
3631,919
3632,879
3633,949
3634,917
3635,851
3636,778
3637,995
3638,789
3639,846
3640,797
3641,905
3642,873
3643,898
3644,851
3645,1000
3646,797
3647,847
3648,738
3649,1016
3650,807
3651,869
3652,844
3653,924
3654,1034
3655,837
3656,792
3657,789
3658,858
3659,796
3660,894
3661,821
3662,867
3663,876
3664,981
3665,809
3666,964
3667,964
3668,743
3669,914
3670,916
3671,913
3672,862
3673,808
3674,895
3675,1039
3676,898
3677,898
3678,805
3679,1042
3680,920
3681,1050
3682,769
3683,833
3684,790
3685,752
3686,857
3687,1008
3688,862
3689,967
3690,922
3691,924
3692,953
3693,1016
3694,941
3695,820
3696,766
3697,862
3698,738
3699,848
3700,860
3701,814
3702,974
3703,842
3704,916
3705,837
3706,839
3707,982
3708,1002
3709,1095
3710,946
3711,951
3712,744
3713,858
3714,861
3715,874
3716,914
3717,943
3718,1068
3719,885
3720,801
3721,852
3722,831
3723,938
3724,798
3725,887
3726,748
3727,855
3728,874
3729,1019
3730,874
3731,735
3732,877
3733,883
3734,738
3735,849
3736,916
3737,919
3738,965
3739,938
3740,934
3741,847
3742,974
3743,838
3744,1119
3745,968
3746,894
3747,768
3748,975
3749,987
3750,777
3751,785
3752,838
3753,959
3754,801
3755,953
3756,804
3757,926
3758,925
3759,756
3760,933
3761,849
3762,923
3763,817
3764,933
3765,765
3766,899
3767,992
3768,949
3769,906
3770,884
3771,789
3772,881
3773,876
3774,860
3775,903
3776,879
3777,956
3778,827
3779,993
3780,859
3781,889
3782,769
3783,852
3784,896
3785,869
3786,918
3787,891
3788,844
3789,949
3790,876
3791,914
3792,781
3793,809
3794,858
3795,898
3796,1136
3797,922
3798,879
3799,802
3800,882
3801,978
3802,858
3803,801
3804,897
3805,970
3806,839
3807,916
3808,778
3809,853
3810,944
3811,939
3812,970
3813,806
3814,835
3815,833
3816,916
3817,857
3818,715
3819,896
3820,938
3821,987
3822,737
3823,850
3824,802
3825,978
3826,786
3827,862
3828,808
3829,850
3830,970
3831,858
3832,937
3833,759
3834,846
3835,796
3836,810
3837,910
3838,958
3839,975
3840,1025
3841,857
3842,854
3843,856
3844,829
3845,1048
3846,686
3847,816
3848,801
3849,971
3850,936
3851,937
3852,832
3853,763
3854,784
3855,936
3856,812
3857,868
3858,919
3859,944
3860,1185
3861,843
3862,1135
3863,1194
3864,858
3865,901
3866,965
3867,1158
3868,948
3869,842
3870,801
3871,868
3872,921
3873,901
3874,1069
3875,835
3876,815
3877,838
3878,926
3879,865
3880,871
3881,982
3882,898
3883,823
3884,820
3885,945
3886,882
3887,771
3888,897
3889,851
3890,925
3891,1193
3892,1020
3893,1084
3894,798
3895,984
3896,912
3897,821
3898,1021
3899,908
3900,872
3901,921
3902,812
3903,851
3904,875
3905,918
3906,820
3907,763
3908,895
3909,948
3910,1009
3911,947
3912,787
3913,891
3914,917
3915,927
3916,795
3917,1028
3918,958
3919,852
3920,773
3921,785
3922,846
3923,959
3924,977
3925,916
3926,840
3927,926
3928,873
3929,817
3930,799
3931,883
3932,957
3933,909
3934,884
3935,954
3936,823
3937,776
3938,846
3939,905
3940,801
3941,851
3942,882
3943,1140
3944,942
3945,868
3946,940
3947,801
3948,787
3949,753
3950,781
3951,838
3952,903
3953,834
3954,936
3955,1032
3956,854
3957,854
3958,831
3959,801
3960,755
3961,922
3962,1018
3963,912
3964,927
3965,963
3966,821
3967,903
3968,975
3969,942
3970,1065
3971,908
3972,907
3973,971
3974,999
3975,837
3976,1196
3977,1096
3978,1027
3979,779
3980,762
3981,868
3982,905
3983,837
3984,840
3985,762
3986,854
3987,973
3988,985
3989,909
3990,866
3991,848
3992,945
3993,826
3994,1094
3995,863
3996,1019
3997,988
3998,985
3999,872
4000,883
4001,769
4002,932
4003,1037
4004,1105
4005,1001
4006,876
4007,1047
4008,876
4009,1097
4010,960
4011,954
4012,964
4013,1099
4014,899
4015,920
4016,860
4017,912
4018,841
4019,1081
4020,859
4021,985
4022,777
4023,822
4024,1085
4025,914
4026,1120
4027,841
4028,1003
4029,778
4030,960
4031,749
4032,848
4033,804
4034,1034
4035,931
4036,890
4037,865
4038,975
4039,1040
4040,893
4041,1166
4042,889
4043,720
4044,1116
4045,1061
4046,838
4047,1268
4048,1085
4049,946
4050,863
4051,819
4052,891
4053,769
4054,931
4055,787
4056,847
4057,945
4058,752
4059,1131
4060,898
4061,1105
4062,783
4063,829
4064,861
4065,1187
4066,793
4067,970
4068,798
4069,1199
4070,1149
4071,897
4072,848
4073,985
4074,1291
4075,858
4076,829
4077,1124
4078,786
4079,858
4080,935
4081,884
4082,1068
4083,1221
4084,854
4085,901
4086,963
4087,906
4088,928
4089,854
4090,932
4091,806
4092,840
4093,822
4094,1149
4095,819
4096,840
4097,974
4098,915
4099,838
4100,834
4101,1179
4102,905
4103,870
4104,772
4105,829
4106,809
4107,1110
4108,1033
4109,777
4110,1011
4111,900
4112,1084
4113,906
4114,1071
4115,862
4116,1118
4117,828
4118,1045
4119,1078
4120,842
4121,955
4122,1179
4123,923
4124,903
4125,970
4126,809
4127,834
4128,1047
4129,1119
4130,967
4131,857
4132,791
4133,858
4134,871
4135,857
4136,965
4137,838
4138,797
4139,803
4140,823
4141,1099
4142,802
4143,895
4144,967
4145,1048
4146,889
4147,702
4148,826
4149,748
4150,727
4151,986
4152,793
4153,843
4154,1020
4155,742
4156,874
4157,1379
4158,829
4159,905
4160,760
4161,840
4162,895
4163,748
4164,766
4165,879
4166,862
4167,900
4168,958
4169,826
4170,840
4171,756
4172,774
4173,1201
4174,827
4175,904
4176,913
4177,770
4178,841
4179,727
4180,808
4181,867
4182,955
4183,942
4184,738
4185,729
4186,821
4187,874
4188,833
4189,967
4190,831
4191,1251
4192,871
4193,1275
4194,787
4195,1032
4196,910
4197,823
4198,1008
4199,984
4200,897
4201,872
4202,861
4203,846
4204,719
4205,955
4206,1118
4207,888
4208,865
4209,1001
4210,791
4211,855
4212,750
4213,838
4214,922
4215,824
4216,811
4217,836
4218,932
4219,1132
4220,926
4221,874
4222,879
4223,835
4224,980
4225,949
4226,949
4227,901
4228,991
4229,808
4230,847
4231,769
4232,909
4233,881
4234,955
4235,845
4236,1049
4237,860
4238,946
4239,926
4240,1048
4241,892
4242,905
4243,1046
4244,866
4245,881
4246,1078
4247,896
4248,821
4249,773
4250,802
4251,1005
4252,836
4253,780
4254,819
4255,854
4256,941
4257,956
4258,842
4259,918
4260,909
4261,960
4262,731
4263,849
4264,900
4265,814
4266,883
4267,859
4268,894
4269,839
4270,954
4271,876
4272,964
4273,911
4274,811
4275,910
4276,940
4277,772
4278,901
4279,918
4280,876
4281,784
4282,797
4283,987
4284,822
4285,952
4286,790
4287,880
4288,933
4289,832
4290,834
4291,946
4292,821
4293,926
4294,793
4295,859
4296,971
4297,892
4298,804
4299,927
4300,762
4301,842
4302,865
4303,827
4304,974
4305,933
4306,883
4307,981
4308,944
4309,1298
4310,822
4311,753
4312,809
4313,837
4314,962
4315,829
4316,853
4317,829
4318,956
4319,959
4320,851
4321,889
4322,839
4323,711
4324,850
4325,1038
4326,1213
4327,857
4328,986
4329,869
4330,950
4331,797
4332,746
4333,1073
4334,774
4335,1211
4336,898
4337,848
4338,814
4339,841
4340,866
4341,858
4342,739
4343,991
4344,700
4345,846
4346,749
4347,819
4348,853
4349,748
4350,1168
4351,969
4352,875
4353,943
4354,908
4355,803
4356,865
4357,855
4358,1202
4359,887
4360,974
4361,876
4362,890
4363,730
4364,859
4365,892
4366,853
4367,907
4368,865
4369,782
4370,934
4371,784
4372,1206
4373,956
4374,850
4375,1131
4376,799
4377,763
4378,1196
4379,993
4380,897
4381,989
4382,942
4383,759
4384,844
4385,911
4386,833
4387,848
4388,905
4389,830
4390,877
4391,980
4392,1019
4393,792
4394,831
4395,827
4396,834
4397,877
4398,944
4399,861
4400,800
4401,1014
4402,1062
4403,789
4404,700
4405,826
4406,895
4407,881
4408,908
4409,1000
4410,955
4411,979
4412,834
4413,910
4414,773
4415,745
4416,848
4417,891
4418,837
4419,873
4420,947
4421,968
4422,996
4423,848
4424,806
4425,859
4426,836
4427,800
4428,877
4429,1065
4430,859
4431,965
4432,963
4433,935
4434,955
4435,905
4436,910
4437,788
4438,1030
4439,822
4440,802
4441,895
4442,770
4443,998
4444,981
4445,990
4446,818
4447,906
4448,801
4449,951
4450,912
4451,861
4452,950
4453,765
4454,918
4455,907
4456,799
4457,837
4458,906
4459,938
4460,795
4461,809
4462,872
4463,720
4464,802
4465,860
4466,790
4467,828
4468,704
4469,939
4470,773
4471,904
4472,831
4473,944
4474,787
4475,1028
4476,860
4477,1032
4478,1005
4479,702
4480,854
4481,1045
4482,1012
4483,1043
4484,841
4485,850
4486,777
4487,867
4488,920
4489,829
4490,1372
4491,864
4492,814
4493,1220
4494,852
4495,882
4496,837
4497,868
4498,820
4499,1080
4500,890
4501,962
4502,856
4503,942
4504,1008
4505,803
4506,912
4507,845
4508,978
4509,744
4510,818
4511,933
4512,703
4513,927
4514,1234
4515,774
4516,871
4517,816
4518,989
4519,848
4520,898
4521,1049
4522,940
4523,986
4524,881
4525,769
4526,890
4527,833
4528,1093
4529,920
4530,949
4531,1107
4532,1025
4533,1142
4534,742
4535,947
4536,805
4537,807
4538,895
4539,797
4540,764
4541,834
4542,796
4543,900
4544,761
4545,1132
4546,852
4547,867
4548,868
4549,943
4550,873
4551,788
4552,1019
4553,907
4554,822
4555,802
4556,1020
4557,889
4558,1011
4559,893
4560,945
4561,855
4562,881
4563,720
4564,859
4565,848
4566,934
4567,740
4568,834
4569,698
4570,918
4571,927
4572,799
4573,831
4574,936
4575,754
4576,964
4577,1056
4578,804
4579,959
4580,953
4581,1024
4582,811
4583,859
4584,968
4585,813
4586,872
4587,854
4588,942
4589,791
4590,873
4591,814
4592,841
4593,726
4594,966
4595,1032
4596,832
4597,826
4598,909
4599,935
4600,898
4601,932
4602,821
4603,856
4604,914
4605,975
4606,823
4607,1046
4608,858
4609,927
4610,854
4611,961
4612,787
4613,965
4614,891
4615,852
4616,1016
4617,852
4618,800
4619,892
4620,916
4621,885
4622,832
4623,869
4624,786
4625,849
4626,885
4627,889
4628,885
4629,1020
4630,906
4631,917
4632,773
4633,876
4634,996
4635,802
4636,947
4637,872
4638,860
4639,756
4640,993
4641,956
4642,844
4643,733
4644,763
4645,829
4646,849
4647,846
4648,1008
4649,848
4650,886
4651,982
4652,853
4653,851
4654,798
4655,834
4656,869
4657,875
4658,991
4659,822
4660,922
4661,851
4662,861
4663,847
4664,872
4665,807
4666,948
4667,994
4668,989
4669,884
4670,832
4671,867
4672,931
4673,885
4674,1014
4675,906
4676,814
4677,932
4678,967
4679,719
4680,866
4681,1061
4682,1006
4683,897
4684,898
4685,918
4686,809
4687,712
4688,898
4689,817
4690,920
4691,830
4692,808
4693,817
4694,917
4695,932
4696,910
4697,764
4698,889
4699,898
4700,882
4701,845
4702,832
4703,900
4704,860
4705,852
4706,918
4707,842
4708,951
4709,860
4710,814
4711,894
4712,885
4713,826
4714,822
4715,1011
4716,1027
4717,980
4718,829
4719,777
4720,915
4721,878
4722,823
4723,892
4724,770
4725,883
4726,919
4727,847
4728,938
4729,901
4730,875
4731,889
4732,787
4733,835
4734,1137
4735,886
4736,829
4737,1038
4738,1139
4739,906
4740,880
4741,749
4742,815
4743,927
4744,908
4745,927
4746,1020
4747,1078
4748,1069
4749,851
4750,804
4751,904
4752,755
4753,936
4754,812
4755,882
4756,798
4757,811
4758,918
4759,886
4760,865
4761,977
4762,904
4763,843
4764,968
4765,1174
4766,823
4767,830
4768,836
4769,781
4770,899
4771,934
4772,827
4773,824
4774,799
4775,859
4776,811
4777,878
4778,947
4779,868
4780,952
4781,1000
4782,944
4783,902
4784,876
4785,827
4786,882
4787,713
4788,1146
4789,1022
4790,805
4791,746
4792,1016
4793,885
4794,897
4795,1106
4796,803
4797,817
4798,958
4799,897
4800,1185
4801,786
4802,805
4803,839
4804,969
4805,950
4806,842
4807,1038
4808,809
4809,924
4810,817
4811,779
4812,866
4813,897
4814,1040
4815,838
4816,1146
4817,827
4818,975
4819,818
4820,950
4821,852
4822,942
4823,845
4824,1010
4825,864
4826,969
4827,1115
4828,973
4829,777
4830,844
4831,836
4832,1253
4833,1131
4834,901
4835,1246
4836,853
4837,1128
4838,954
4839,965
4840,752
4841,981
4842,865
4843,869
4844,899
4845,1289
4846,853
4847,840
4848,905
4849,827
4850,1228
4851,1032
4852,903
4853,853
4854,795
4855,898
4856,891
4857,1004
4858,1085
4859,961
4860,769
4861,862
4862,917
4863,714
4864,712
4865,846
4866,1165
4867,903
4868,948
4869,870
4870,1062
4871,812
4872,893
4873,914
4874,804
4875,1006
4876,807
4877,994
4878,747
4879,775
4880,829
4881,872
4882,711
4883,1316
4884,793
4885,884
4886,849
4887,904
4888,1073
4889,895
4890,881
4891,896
4892,1100
4893,878
4894,959
4895,763
4896,953
4897,883
4898,851
4899,1037
4900,864
4901,927
4902,743
4903,1224
4904,846
4905,906
4906,841
4907,988
4908,918
4909,737
4910,1124
4911,892
4912,837
4913,870
4914,863
4915,1206
4916,987
4917,917
4918,786
4919,872
4920,890
4921,815
4922,882
4923,931
4924,1040
4925,849
4926,857
4927,885
4928,823
4929,860
4930,915
4931,855
4932,957
4933,927
4934,874
4935,794
4936,938
4937,856
4938,881
4939,803
4940,964
4941,1018
4942,827
4943,935
4944,871
4945,784
4946,831
4947,857
4948,1001
4949,870
4950,892
4951,1219
4952,817
4953,1010
4954,979
4955,918
4956,874
4957,930
4958,738
4959,793
4960,862
4961,714
4962,747
4963,865
4964,1135
4965,1036
4966,960
4967,881
4968,874
4969,1092
4970,901
4971,805
4972,1027
4973,968
4974,892
4975,991
4976,1047
4977,1105
4978,894
4979,918
4980,976
4981,951
4982,978
4983,808
4984,814
4985,864
4986,926
4987,835
4988,822
4989,807
4990,1163
4991,945
4992,934
4993,792
4994,772
4995,897
4996,1006
4997,872
4998,1017
4999,903
5000,1061
5001,906
5002,866
5003,812
5004,832
5005,1003
5006,1172
5007,843
5008,856
5009,940
5010,816
5011,741
5012,885
5013,852
5014,867
5015,923
5016,883
5017,847
5018,835
5019,854
5020,878
5021,892
5022,770
5023,874
5024,882
5025,860
5026,735
5027,846
5028,752
5029,1055
5030,912
5031,887
5032,850
5033,936
5034,922
5035,762
5036,890
5037,822
5038,1156
5039,1202
5040,1036
5041,1041
5042,798
5043,946
5044,1168
5045,910
5046,841
5047,874
5048,1055
5049,909
5050,899
5051,760
5052,777
5053,930
5054,806
5055,947
5056,1074
5057,1114
5058,911
5059,832
5060,866
5061,893
5062,824
5063,1116
5064,834
5065,863
5066,918
5067,792
5068,932
5069,1117
5070,870
5071,1006
5072,1020
5073,929
5074,876
5075,894
5076,1080
5077,913
5078,776
5079,1047
5080,914
5081,840
5082,880
5083,829
5084,882
5085,902
5086,952
5087,808
5088,997
5089,876
5090,993
5091,773
5092,865
5093,908
5094,888
5095,808
5096,813
5097,925
5098,873
5099,863
5100,973
5101,829
5102,766
5103,818
5104,1065
5105,833
5106,757
5107,1044
5108,717
5109,868
5110,905
5111,785
5112,966
5113,1127
5114,835
5115,865
5116,1009
5117,889
5118,823
5119,1044
5120,800
5121,854
5122,830
5123,864
5124,874
5125,1003
5126,1061
5127,744
5128,875
5129,971
5130,871
5131,895
5132,1055
5133,921
5134,897
5135,895
5136,816
5137,930
5138,792
5139,885
5140,841
5141,1008
5142,912
5143,776
5144,948
5145,906
5146,821
5147,950
5148,848
5149,926
5150,890
5151,1079
5152,899
5153,899
5154,883
5155,821
5156,890
5157,916
5158,826
5159,863
5160,802
5161,800
5162,898
5163,977
5164,847
5165,800
5166,911
5167,889
5168,939
5169,849
5170,843
5171,889
5172,886
5173,959
5174,946
5175,918
5176,822
5177,812
5178,965
5179,757
5180,929
5181,875
5182,834
5183,680
5184,1090
5185,902
5186,831
5187,852
5188,785
5189,775
5190,837
5191,872
5192,1100
5193,915
5194,863
5195,822
5196,1081
5197,916
5198,1021
5199,1037
5200,1021
5201,903
5202,834
5203,878
5204,1185
5205,980
5206,976
5207,850
5208,823
5209,1010
5210,927
5211,836
5212,1017
5213,985
5214,870
5215,898
5216,991
5217,1144
5218,848
5219,994
5220,1221
5221,1001
5222,793
5223,768
5224,818
5225,953
5226,767
5227,1071
5228,838
5229,945
5230,1200
5231,859
5232,738
5233,1080
5234,899
5235,740
5236,914
5237,909
5238,963
5239,824
5240,783
5241,870
5242,825
5243,857
5244,793
5245,874
5246,865
5247,1139
5248,999
5249,1030
5250,877
5251,918
5252,878
5253,834
5254,1134
5255,820
5256,769
5257,1178
5258,759
5259,944
5260,960
5261,938
5262,1027
5263,970
5264,765
5265,980
5266,880
5267,714
5268,974
5269,955
5270,891
5271,878
5272,914
5273,846
5274,912
5275,1098
5276,1113
5277,1139
5278,786
5279,1151
5280,864
5281,830
5282,878
5283,1203
5284,852
5285,874
5286,799
5287,914
5288,856
5289,809
5290,976
5291,1025
5292,730
5293,938
5294,1277
5295,848
5296,911
5297,931
5298,856
5299,812
5300,1178
5301,986
5302,1033
5303,835
5304,893
5305,963
5306,955
5307,902
5308,1068
5309,1183
5310,820
5311,815
5312,894
5313,885
5314,751
5315,940
5316,811
5317,878
5318,843
5319,909
5320,857
5321,824
5322,1133
5323,736
5324,838
5325,1105
5326,910
5327,885
5328,879
5329,907
5330,929
5331,858
5332,768
5333,948
5334,847
5335,1222
5336,912
5337,890
5338,951
5339,842
5340,1124
5341,717
5342,1216
5343,906
5344,1059
5345,832
5346,864
5347,767
5348,1007
5349,1063
5350,976
5351,876
5352,1105
5353,1013
5354,951
5355,890
5356,754
5357,912
5358,910
5359,847
5360,950
5361,813
5362,819
5363,745
5364,744
5365,775
5366,898
5367,808
5368,685
5369,1028
5370,914
5371,730
5372,861
5373,812
5374,973
5375,824
5376,879
5377,870
5378,982
5379,871
5380,878
5381,853
5382,766
5383,898
5384,949
5385,841
5386,824
5387,873
5388,836
5389,819
5390,955
5391,906
5392,853
5393,746
5394,953
5395,804
5396,987
5397,931
5398,865
5399,887
5400,743
5401,920
5402,845
5403,991
5404,861
5405,855
5406,962
5407,1021
5408,775
5409,804
5410,924
5411,899
5412,812
5413,902
5414,1149
5415,953
5416,824
5417,937
5418,740
5419,868
5420,820
5421,978
5422,968
5423,927
5424,822
5425,787
5426,947
5427,841
5428,887
5429,885
5430,937
5431,996
5432,946
5433,814
5434,874
5435,792
5436,1159
5437,1030
5438,1169
5439,839
5440,755
5441,885
5442,933
5443,1002
5444,777
5445,824
5446,778
5447,884
5448,864
5449,755
5450,855
5451,941
5452,962
5453,1123
5454,967
5455,1157
5456,803
5457,859
5458,851
5459,898
5460,809
5461,818
5462,918
5463,820
5464,1106
5465,1366
5466,877
5467,972
5468,1179
5469,930
5470,873
5471,933
5472,1006
5473,843
5474,956
5475,813
5476,1016
5477,829
5478,911
5479,924
5480,779
5481,927
5482,1077
5483,858
5484,1019
5485,751
5486,1204
5487,1107
5488,818
5489,855
5490,814
5491,1084
5492,848
5493,851
5494,873
5495,889
5496,805
5497,943
5498,1013
5499,841
5500,893
5501,901
5502,858
5503,838
5504,1066
5505,855
5506,914
5507,814
5508,940
5509,849
5510,921
5511,904
5512,939
5513,874
5514,1044
5515,802
5516,881
5517,826
5518,790
5519,733
5520,1028
5521,909
5522,901
5523,941
5524,953
5525,823
5526,848
5527,774
5528,901
5529,879
5530,824
5531,863
5532,778
5533,826
5534,865
5535,861
5536,855
5537,1084
5538,821
5539,854
5540,876
5541,853
5542,1044
5543,843
5544,976
5545,951
5546,912
5547,792
5548,930
5549,849
5550,893
5551,832
5552,879
5553,893
5554,696
5555,817
5556,902
5557,941
5558,903
5559,852
5560,797
5561,992
5562,797
5563,838
5564,890
5565,933
5566,720
5567,756
5568,777
5569,796
5570,791
5571,995
5572,1159
5573,930
5574,993
5575,754
5576,919
5577,913
5578,842
5579,908
5580,1054
5581,998
5582,950
5583,768
5584,802
5585,842
5586,833
5587,836
5588,935
5589,817
5590,861
5591,840
5592,811
5593,851
5594,1089
5595,959
5596,819
5597,872
5598,788
5599,815
5600,738
5601,997
5602,831
5603,861
5604,1000
5605,942
5606,1029
5607,883
5608,773
5609,880
5610,1106
5611,868
5612,1014
5613,833
5614,986
5615,1006
5616,876
5617,896
5618,964
5619,1061
5620,869
5621,914
5622,1031
5623,964
5624,864
5625,1025
5626,1160
5627,849
5628,1138
5629,871
5630,902
5631,979
5632,852
5633,782
5634,882
5635,979
5636,813
5637,1153
5638,932
5639,939
5640,831
5641,962
5642,976
5643,1015
5644,767
5645,881
5646,825
5647,931
5648,840
5649,1037
5650,914
5651,827
5652,874
5653,830
5654,858
5655,929
5656,950
5657,727
5658,856
5659,1034
5660,942
5661,725
5662,871
5663,849
5664,1115
5665,924
5666,924
5667,978
5668,929
5669,855
5670,760
5671,956
5672,902
5673,890
5674,892
5675,832
5676,903
5677,1033
5678,968
5679,787
5680,797
5681,1041
5682,831
5683,837
5684,773
5685,985
5686,1098
5687,888
5688,893
5689,1087
5690,1012
5691,860
5692,1078
5693,941
5694,825
5695,1391
5696,968
5697,1112
5698,765
5699,752
5700,940
5701,838
5702,699
5703,748
5704,983
5705,1020
5706,814
5707,847
5708,890
5709,1098
5710,753
5711,1111
5712,911
5713,784
5714,913
5715,783
5716,801
5717,818
5718,825
5719,790
5720,780
5721,709
5722,1001
5723,1024
5724,735
5725,1148
5726,805
5727,813
5728,887
5729,901
5730,792
5731,825
5732,901
5733,861
5734,877
5735,1044
5736,754
5737,942
5738,808
5739,912
5740,945
5741,1122
5742,961
5743,918
5744,872
5745,821
5746,893
5747,826
5748,717
5749,900
5750,1080
5751,842
5752,737
5753,910
5754,857
5755,971
5756,863
5757,911
5758,976
5759,958
5760,842
5761,811
5762,1050
5763,907
5764,1045
5765,751
5766,859
5767,886
5768,1175
5769,934
5770,839
5771,753
5772,891
5773,1016
5774,901
5775,990
5776,925
5777,947
5778,796
5779,900
5780,1104
5781,892
5782,891
5783,793
5784,808
5785,822
5786,916
5787,917
5788,840
5789,808
5790,901
5791,1006
5792,842
5793,827
5794,770
5795,854
5796,870
5797,943
5798,1211
5799,1073
5800,1003
5801,930
5802,933
5803,977
5804,872
5805,982
5806,941
5807,960
5808,751
5809,974
5810,823
5811,937
5812,739
5813,900
5814,1110
5815,1003
5816,843
5817,1015
5818,921
5819,792
5820,908
5821,773
5822,829
5823,913
5824,877
5825,878
5826,1083
5827,931
5828,805
5829,776
5830,864
5831,993
5832,895
5833,1098
5834,742
5835,951
5836,970
5837,989
5838,851
5839,799
5840,861
5841,964
5842,895
5843,907
5844,836
5845,721
5846,782
5847,854
5848,878
5849,944
5850,787
5851,777
5852,943
5853,923
5854,867
5855,1078
5856,876
5857,895
5858,1227
5859,756
5860,933
5861,1159
5862,756
5863,943
5864,873
5865,976
5866,902
5867,882
5868,975
5869,964
5870,873
5871,777
5872,794
5873,1071
5874,779
5875,739
5876,837
5877,870
5878,1097
5879,1036
5880,863
5881,923
5882,902
5883,1145
5884,931
5885,1003
5886,1294
5887,1032
5888,930
5889,870
5890,1289
5891,889
5892,774
5893,756
5894,818
5895,878
5896,934
5897,864
5898,888
5899,1146
5900,958
5901,1182
5902,835
5903,1116
5904,799
5905,824
5906,1047
5907,741
5908,754
5909,870
5910,663
5911,705
5912,732
5913,825
5914,1224
5915,840
5916,954
5917,844
5918,931
5919,837
5920,1135
5921,846
5922,900
5923,803
5924,967
5925,962
5926,907
5927,863
5928,810
5929,867
5930,775
5931,851
5932,928
5933,733
5934,759
5935,835
5936,727
5937,850
5938,793
5939,774
5940,814
5941,869
5942,888
5943,767
5944,872
5945,943
5946,870
5947,812
5948,738
5949,704
5950,842
5951,770
5952,854
5953,890
5954,800
5955,897
5956,783
5957,830
5958,889
5959,728
5960,718
5961,917
5962,930
5963,752
5964,709
5965,902
5966,695
5967,739
5968,794
5969,905
5970,937
5971,751
5972,929
5973,707
5974,785
5975,929
5976,952
5977,811
5978,817
5979,863
5980,863
5981,783
5982,921
5983,783
5984,670
5985,910
5986,810
5987,838
5988,812
5989,1185
5990,850
5991,792
5992,922
5993,890
5994,931
5995,719
5996,870
5997,902
5998,848
5999,733
6000,1015
6001,744
6002,813
6003,784
6004,725
6005,870
6006,905
6007,755
6008,848
6009,987
6010,1033
6011,880
6012,780
6013,805
6014,902
6015,827
6016,898
6017,735
6018,837
6019,875
6020,792
6021,726
6022,756
6023,1021
6024,829
6025,919
6026,1026
6027,858
6028,783
6029,969
6030,822
6031,1023
6032,895
6033,1001
6034,1003
6035,925
6036,983
6037,1084
6038,784
6039,851
6040,951
6041,694
6042,943
6043,948
6044,830
6045,828
6046,921
6047,958
6048,899
6049,791
6050,837
6051,804
6052,836
6053,890
6054,918
6055,965
6056,690
6057,842
6058,808
6059,870
6060,831
6061,842
6062,769
6063,737
6064,752
6065,848
6066,865
6067,926
6068,1057
6069,889
6070,770
6071,739
6072,893
6073,967
6074,763
6075,817
6076,872
6077,798
6078,751
6079,869
6080,813
6081,783
6082,1034
6083,919
6084,874
6085,988
6086,827
6087,731
6088,723
6089,753
6090,806
6091,907
6092,896
6093,891
6094,891
6095,801
6096,834
6097,867
6098,776
6099,707
6100,770
6101,906
6102,868
6103,806
6104,759
6105,940
6106,808
6107,726
6108,829
6109,740
6110,878
6111,791
6112,917
6113,945
6114,912
6115,810
6116,906
6117,743
6118,809
6119,843
6120,885
6121,760
6122,901
6123,795
6124,997
6125,879
6126,891
6127,1096
6128,830
6129,832
6130,865
6131,821
6132,904
6133,852
6134,947
6135,795
6136,835
6137,703
6138,747
6139,763
6140,767
6141,790
6142,897
6143,779
6144,754
6145,823
6146,905
6147,971
6148,846
6149,798
6150,925
6151,838
6152,814
6153,821
6154,771
6155,974
6156,838
6157,823
6158,719
6159,727
6160,784
6161,949
6162,819
6163,790
6164,807
6165,895
6166,857
6167,858
6168,801
6169,654
6170,906
6171,836
6172,733
6173,910
6174,868
6175,764
6176,821
6177,727
6178,697
6179,877
6180,781
6181,833
6182,912
6183,833
6184,747
6185,771
6186,855
6187,896
6188,921
6189,809
6190,784
6191,921
6192,942
6193,809
6194,773
6195,917
6196,932
6197,886
6198,766
6199,684
6200,994
6201,813
6202,976
6203,931
6204,765
6205,874
6206,698
6207,841
6208,875
6209,940
6210,803
6211,818
6212,784
6213,933
6214,839
6215,852
6216,734
6217,868
6218,814
6219,829
6220,875
6221,881
6222,829
6223,861
6224,933
6225,818
6226,759
6227,959
6228,843
6229,783
6230,815
6231,937
6232,783
6233,789
6234,789
6235,866
6236,821
6237,820
6238,837
6239,794
6240,936
6241,828
6242,806
6243,716
6244,705
6245,729
6246,876
6247,810
6248,838
6249,830
6250,843
6251,800
6252,824
6253,819
6254,972
6255,771
6256,855
6257,791
6258,856
6259,810
6260,863
6261,777
6262,795
6263,837
6264,717
6265,783
6266,948
6267,776
6268,759
6269,916
6270,906
6271,784
6272,912
6273,773
6274,764
6275,738
6276,894
6277,837
6278,693
6279,755
6280,790
6281,882
6282,755
6283,758
6284,739
6285,988
6286,892
6287,873
6288,816
6289,853
6290,992
6291,852
6292,870
6293,791
6294,891
6295,772
6296,835
6297,877
6298,828
6299,842
6300,812
6301,956
6302,864
6303,841
6304,851
6305,720
6306,815
6307,879
6308,927
6309,999
6310,790
6311,1012
6312,900
6313,868
6314,907
6315,811
6316,774
6317,834
6318,777
6319,932
6320,1032
6321,979
6322,851
6323,853
6324,925
6325,944
6326,809
6327,723
6328,899
6329,817
6330,868
6331,854
6332,742
6333,783
6334,687
6335,902
6336,820
6337,900
6338,770
6339,817
6340,989
6341,956
6342,815
6343,834
6344,798
6345,901
6346,887
6347,875
6348,746
6349,786
6350,878
6351,892
6352,661
6353,879
6354,862
6355,873
6356,939
6357,932
6358,752
6359,803
6360,818
6361,889
6362,890
6363,836
6364,743
6365,780
6366,806
6367,892
6368,798
6369,805
6370,757
6371,718
6372,983
6373,911
6374,756
6375,781
6376,895
6377,866
6378,826
6379,860
6380,803
6381,642
6382,986
6383,936
6384,664
6385,799
6386,850
6387,854
6388,647
6389,913
6390,683
6391,845
6392,782
6393,978
6394,789
6395,882
6396,882
6397,828
6398,887
6399,709
6400,913
6401,777
6402,721
6403,743
6404,731
6405,765
6406,917
6407,850
6408,686
6409,839
6410,851
6411,732
6412,898
6413,929
6414,805
6415,817
6416,823
6417,1089
6418,900
6419,969
6420,896
6421,884
6422,969
6423,865
6424,848
6425,977
6426,740
6427,686
6428,769
6429,915
6430,859
6431,760
6432,1022
6433,851
6434,838
6435,817
6436,938
6437,820
6438,859
6439,811
6440,722
6441,785
6442,885
6443,1023
6444,856
6445,1019
6446,773
6447,773
6448,880
6449,953
6450,870
6451,854
6452,731
6453,789
6454,965
6455,854
6456,871
6457,780
6458,793
6459,754
6460,769
6461,686
6462,856
6463,826
6464,824
6465,722
6466,807
6467,1008
6468,815
6469,820
6470,860
6471,954
6472,688
6473,692
6474,711
6475,834
6476,759
6477,842
6478,787
6479,843
6480,770
6481,703
6482,807
6483,968
6484,770
6485,885
6486,871
6487,880
6488,759
6489,668
6490,786
6491,790
6492,805
6493,806
6494,837
6495,773
6496,792
6497,820
6498,735
6499,723
6500,843
6501,723
6502,790
6503,816
6504,755
6505,986
6506,807
6507,927
6508,794
6509,782
6510,765
6511,896
6512,844
6513,841
6514,709
6515,797
6516,1051
6517,901
6518,682
6519,828
6520,724
6521,691
6522,717
6523,997
6524,919
6525,760
6526,875
6527,888
6528,878
6529,670
6530,887
6531,743
6532,993
6533,828
6534,876
6535,782
6536,730
6537,771
6538,973
6539,917
6540,693
6541,914
6542,698
6543,900
6544,788
6545,892
6546,762
6547,721
6548,740
6549,720
6550,756
6551,826
6552,797
6553,735
6554,716
6555,784
6556,892
6557,831
6558,811
6559,831
6560,698
6561,887
6562,736
6563,894
6564,1002
6565,850
6566,776
6567,838
6568,781
6569,723
6570,754
6571,801
6572,897
6573,689
6574,791
6575,787
6576,770
6577,896
6578,728
6579,697
6580,883
6581,808
6582,799
6583,689
6584,790
6585,917
6586,929
6587,774
6588,842
6589,939
6590,889
6591,819
6592,981
6593,931
6594,988
6595,855
6596,956
6597,704
6598,855
6599,810
6600,839
6601,661
6602,729
6603,752
6604,718
6605,735
6606,850
6607,734
6608,710
6609,869
6610,770
6611,874
6612,899
6613,875
6614,851
6615,766
6616,849
6617,681
6618,868
6619,743
6620,761
6621,1085
6622,834
6623,744
6624,856
6625,884
6626,688
6627,778
6628,1031
6629,739
6630,855
6631,782
6632,942
6633,789
6634,920
6635,850
6636,958
6637,873
6638,850
6639,871
6640,689
6641,927
6642,1030
6643,972
6644,1004
6645,714
6646,828
6647,859
6648,823
6649,756
6650,781
6651,781
6652,687
6653,793
6654,822
6655,753
6656,809
6657,807
6658,923
6659,785
6660,859
6661,909
6662,883
6663,851
6664,1059
6665,841
6666,866
6667,831
6668,926
6669,805
6670,888
6671,725
6672,818
6673,910
6674,803
6675,933
6676,806
6677,897
6678,912
6679,900
6680,1049
6681,788
6682,873
6683,988
6684,785
6685,882
6686,776
6687,924
6688,701
6689,850
6690,666
6691,755
6692,922
6693,685
6694,960
6695,808
6696,793
6697,844
6698,968
6699,855
6700,816
6701,893
6702,827
6703,817
6704,802
6705,901
6706,763
6707,830
6708,1017
6709,699
6710,885
6711,894
6712,829
6713,884
6714,689
6715,822
6716,834
6717,771
6718,854
6719,848
6720,1064
6721,1031
6722,713
6723,856
6724,766
6725,974
6726,724
6727,868
6728,951
6729,989
6730,851
6731,781
6732,880
6733,927
6734,805
6735,792
6736,747
6737,914
6738,764
6739,912
6740,904
6741,689
6742,1121
6743,798
6744,875
6745,795
6746,733
6747,767
6748,1015
6749,696
6750,809
6751,817
6752,788
6753,867
6754,1075
6755,865
6756,1022
6757,844
6758,762
6759,815
6760,894
6761,756
6762,849
6763,911
6764,987
6765,732
6766,729
6767,951
6768,902
6769,876
6770,812
6771,742
6772,696
6773,750
6774,862
6775,790
6776,763
6777,700
6778,899
6779,730
6780,908
6781,815
6782,829
6783,716
6784,741
6785,864
6786,840
6787,875
6788,846
6789,892
6790,922
6791,1118
6792,873
6793,754
6794,822
6795,720
6796,816
6797,720
6798,719
6799,757
6800,919
6801,1029
6802,741
6803,741
6804,976
6805,950
6806,668
6807,976
6808,742
6809,774
6810,874
6811,715
6812,955
6813,826
6814,747
6815,705
6816,728
6817,742
6818,835
6819,783
6820,963
6821,996
6822,808
6823,937
6824,665
6825,848
6826,782
6827,737
6828,798
6829,782
6830,724
6831,902
6832,696
6833,716
6834,880
6835,705
6836,794
6837,840
6838,860
6839,847
6840,869
6841,757
6842,791
6843,801
6844,783
6845,830
6846,924
6847,795
6848,797
6849,693
6850,758
6851,876
6852,692
6853,744
6854,802
6855,828
6856,836
6857,844
6858,762
6859,728
6860,804
6861,802
6862,914
6863,760
6864,826
6865,850
6866,767
6867,723
6868,785
6869,678
6870,842
6871,781
6872,799
6873,804
6874,817
6875,884
6876,750
6877,824
6878,943
6879,851
6880,863
6881,806
6882,853
6883,887
6884,812
6885,732
6886,769
6887,808
6888,807
6889,623
6890,768
6891,760
6892,920
6893,795
6894,853
6895,736
6896,905
6897,707
6898,756
6899,715
6900,792
6901,849
6902,784
6903,766
6904,961
6905,992
6906,908
6907,730
6908,929
6909,738
6910,763
6911,829
6912,926
6913,724
6914,852
6915,735
6916,827
6917,839
6918,753
6919,747
6920,772
6921,811
6922,864
6923,939
6924,770
6925,888
6926,706
6927,841
6928,842
6929,946
6930,797
6931,671
6932,891
6933,755
6934,819
6935,813
6936,879
6937,903
6938,839
6939,845
6940,667
6941,690
6942,753
6943,744
6944,921
6945,735
6946,778
6947,739
6948,724
6949,849
6950,782
6951,893
6952,829
6953,752
6954,699
6955,797
6956,791
6957,726
6958,696
6959,1003
6960,715
6961,792
6962,909
6963,895
6964,1032
6965,863
6966,932
6967,868
6968,731
6969,762
6970,840
6971,879
6972,784
6973,904
6974,812
6975,703
6976,781
6977,988
6978,922
6979,809
6980,746
6981,805
6982,694
6983,960
6984,757
6985,761
6986,851
6987,741
6988,843
6989,834
6990,807
6991,775
6992,700
6993,910
6994,768
6995,1040
6996,827
6997,838
6998,855
6999,673
7000,1043
7001,727
7002,823
7003,878
7004,780
7005,862
7006,822
7007,917
7008,789
7009,978
7010,776
7011,648
7012,907
7013,861
7014,746
7015,796
7016,1108
7017,893
7018,844
7019,823
7020,860
7021,1112
7022,786
7023,789
7024,658
7025,658
7026,751
7027,653
7028,676
7029,873
7030,976
7031,823
7032,760
7033,801
7034,841
7035,763
7036,785
7037,893
7038,775
7039,784
7040,798
7041,707
7042,788
7043,947
7044,786
7045,849
7046,805
7047,834
7048,1039
7049,820
7050,766
7051,797
7052,767
7053,688
7054,776
7055,831
7056,751
7057,849
7058,813
7059,713
7060,793
7061,866
7062,1026
7063,889
7064,892
7065,940
7066,908
7067,883
7068,766
7069,886
7070,836
7071,777
7072,961
7073,731
7074,781
7075,772
7076,813
7077,758
7078,834
7079,789
7080,761
7081,973
7082,882
7083,841
7084,984
7085,769
7086,825
7087,846
7088,612
7089,827
7090,836
7091,761
7092,954
7093,840
7094,796
7095,883
7096,900
7097,795
7098,861
7099,751
7100,856
7101,723
7102,793
7103,713
7104,726
7105,808
7106,813
7107,679
7108,786
7109,840
7110,798
7111,816
7112,830
7113,776
7114,827
7115,699
7116,781
7117,923
7118,839
7119,690
7120,851
7121,749
7122,806
7123,822
7124,850
7125,818
7126,783
7127,774
7128,683
7129,710
7130,812
7131,905
7132,801
7133,908
7134,1035
7135,772
7136,805
7137,916
7138,765
7139,721
7140,745
7141,873
7142,787
7143,801
7144,781
7145,702
7146,715
7147,713
7148,840
7149,895
7150,679
7151,796
7152,745
7153,981
7154,786
7155,773
7156,860
7157,868
7158,788
7159,893
7160,787
7161,826
7162,880
7163,849
7164,728
7165,883
7166,828
7167,736
7168,808
7169,681
7170,850
7171,962
7172,914
7173,838
7174,845
7175,903
7176,947
7177,847
7178,967
7179,708
7180,882
7181,847
7182,839
7183,862
7184,925
7185,735
7186,887
7187,872
7188,802
7189,653
7190,811
7191,929
7192,853
7193,793
7194,776
7195,725
7196,807
7197,869
7198,858
7199,924
7200,854
7201,899
7202,717
7203,911
7204,740
7205,828
7206,779
7207,793
7208,881
7209,901
7210,934
7211,751
7212,847
7213,954
7214,780
7215,776
7216,796
7217,908
7218,854
7219,794
7220,824
7221,917
7222,915
7223,827
7224,903
7225,869
7226,897
7227,697
7228,786
7229,879
7230,839
7231,861
7232,828
7233,789
7234,790
7235,717
7236,851
7237,861
7238,763
7239,815
7240,839
7241,765
7242,807
7243,707
7244,856
7245,797
7246,809
7247,820
7248,821
7249,763
7250,744
7251,893
7252,837
7253,759
7254,829
7255,866
7256,715
7257,825
7258,871
7259,791
7260,837
7261,803
7262,650
7263,816
7264,889
7265,831
7266,741
7267,750
7268,974
7269,739
7270,834
7271,882
7272,848
7273,728
7274,771
7275,718
7276,901
7277,772
7278,843
7279,791
7280,1002
7281,805
7282,811
7283,764
7284,806
7285,723
7286,818
7287,783
7288,723
7289,826
7290,775
7291,710
7292,760
7293,920
7294,847
7295,842
7296,737
7297,774
7298,806
7299,769
7300,870
7301,879
7302,824
7303,891
7304,756
7305,770
7306,885
7307,706
7308,785
7309,842
7310,799
7311,820
7312,829
7313,913
7314,874
7315,883
7316,813
7317,714
7318,821
7319,815
7320,695
7321,816
7322,715
7323,915
7324,1057
7325,713
7326,1054
7327,868
7328,905
7329,978
7330,955
7331,785
7332,766
7333,825
7334,727
7335,764
7336,726
7337,704
7338,860
7339,1017
7340,885
7341,856
7342,877
7343,874
7344,857
7345,842
7346,851
7347,809
7348,772
7349,779
7350,730
7351,849
7352,864
7353,1079
7354,830
7355,1002
7356,822
7357,816
7358,675
7359,798
7360,891
7361,849
7362,766
7363,783
7364,863
7365,856
7366,706
7367,942
7368,805
7369,855
7370,1034
7371,1133
7372,820
7373,929
7374,1006
7375,740
7376,952
7377,801
7378,1017
7379,762
7380,747
7381,924
7382,794
7383,985
7384,816
7385,910
7386,711
7387,882
7388,854
7389,663
7390,724
7391,853
7392,796
7393,839
7394,713
7395,788
7396,716
7397,1043
7398,860
7399,767
7400,797
7401,973
7402,686
7403,832
7404,1020
7405,778
7406,841
7407,755
7408,667
7409,826
7410,777
7411,979
7412,836
7413,845
7414,848
7415,865
7416,715
7417,928
7418,723
7419,894
7420,819
7421,932
7422,779
7423,697
7424,789
7425,781
7426,817
7427,779
7428,989
7429,678
7430,809
7431,903
7432,833
7433,860
7434,830
7435,838
7436,986
7437,665
7438,800
7439,693
7440,857
7441,831
7442,789
7443,895
7444,879
7445,742
7446,886
7447,1075
7448,964
7449,918
7450,810
7451,618
7452,785
7453,812
7454,920
7455,719
7456,813
7457,785
7458,986
7459,860
7460,954
7461,830
7462,749
7463,891
7464,781
7465,840
7466,866
7467,818
7468,775
7469,866
7470,831
7471,779
7472,1091
7473,728
7474,821
7475,963
7476,817
7477,718
7478,773
7479,799
7480,796
7481,752
7482,828
7483,924
7484,834
7485,837
7486,775
7487,742
7488,942
7489,781
7490,846
7491,883
7492,749
7493,930
7494,661
7495,818
7496,819
7497,764
7498,874
7499,878
7500,825
7501,770
7502,817
7503,845
7504,950
7505,756
7506,1021
7507,799
7508,779
7509,845
7510,716
7511,724
7512,983
7513,832
7514,708
7515,714
7516,811
7517,718
7518,832
7519,793
7520,790
7521,725
7522,784
7523,896
7524,716
7525,815
7526,774
7527,717
7528,933
7529,875
7530,896
7531,769
7532,743
7533,938
7534,954
7535,712
7536,664
7537,702
7538,1008
7539,747
7540,830
7541,769
7542,805
7543,757
7544,776
7545,697
7546,792
7547,890
7548,855
7549,805
7550,755
7551,846
7552,803
7553,770
7554,996
7555,795
7556,839
7557,777
7558,873
7559,792
7560,828
7561,817
7562,736
7563,933
7564,872
7565,643
7566,834
7567,830
7568,827
7569,848
7570,827
7571,867
7572,874
7573,979
7574,858
7575,760
7576,897
7577,951
7578,897
7579,717
7580,863
7581,887
7582,796
7583,797
7584,733
7585,845
7586,848
7587,673
7588,827
7589,777
7590,932
7591,794
7592,850
7593,928
7594,794
7595,737
7596,867
7597,740
7598,836
7599,859
7600,944
7601,617
7602,856
7603,855
7604,846
7605,753
7606,777
7607,763
7608,838
7609,813
7610,844
7611,692
7612,949
7613,933
7614,736
7615,885
7616,684
7617,772
7618,798
7619,806
7620,661
7621,910
7622,847
7623,770
7624,830
7625,661
7626,850
7627,737
7628,753
7629,787
7630,848
7631,857
7632,764
7633,784
7634,762
7635,869
7636,736
7637,907
7638,779
7639,746
7640,771
7641,807
7642,712
7643,681
7644,865
7645,690
7646,750
7647,816
7648,902
7649,878
7650,833
7651,724
7652,769
7653,894
7654,714
7655,863
7656,752
7657,699
7658,913
7659,771
7660,712
7661,916
7662,855
7663,745
7664,774
7665,723
7666,778
7667,727
7668,710
7669,776
7670,809
7671,724
7672,867
7673,874
7674,781
7675,909
7676,828
7677,737
7678,769
7679,875
7680,838
7681,797
7682,787
7683,814
7684,735
7685,842
7686,756
7687,613
7688,980
7689,854
7690,779
7691,860
7692,760
7693,881
7694,695
7695,802
7696,870
7697,854
7698,776
7699,670
7700,832
7701,686
7702,737
7703,846
7704,908
7705,724
7706,779
7707,948
7708,791
7709,813
7710,796
7711,692
7712,690
7713,837
7714,766
7715,756
7716,700
7717,771
7718,720
7719,1011
7720,864
7721,753
7722,804
7723,862
7724,789
7725,789
7726,878
7727,826
7728,810
7729,802
7730,749
7731,777
7732,753
7733,721
7734,694
7735,767
7736,829
7737,777
7738,855
7739,878
7740,711
7741,850
7742,872
7743,806
7744,832
7745,780
7746,662
7747,751
7748,940
7749,840
7750,883
7751,718
7752,743
7753,893
7754,837
7755,908
7756,831
7757,783
7758,874
7759,857
7760,814
7761,919
7762,792
7763,781
7764,747
7765,813
7766,892
7767,744
7768,796
7769,822
7770,833
7771,884
7772,856
7773,903
7774,809
7775,883
7776,795
7777,808
7778,884
7779,747
7780,824
7781,758
7782,892
7783,730
7784,744
7785,839
7786,752
7787,876
7788,855
7789,827
7790,827
7791,840
7792,693
7793,784
7794,754
7795,777
7796,665
7797,780
7798,814
7799,750
7800,710
7801,779
7802,855
7803,758
7804,769
7805,770
7806,646
7807,678
7808,819
7809,700
7810,802
7811,746
7812,795
7813,771
7814,775
7815,660
7816,916
7817,889
7818,750
7819,784
7820,726
7821,874
7822,754
7823,905
7824,740
7825,793
7826,769
7827,812
7828,802
7829,831
7830,704
7831,840
7832,721
7833,785
7834,785
7835,875
7836,929
7837,834
7838,745
7839,854
7840,765
7841,782
7842,803
7843,853
7844,817
7845,769
7846,803
7847,779
7848,823
7849,776
7850,880
7851,826
7852,692
7853,837
7854,926
7855,844
7856,848
7857,910
7858,843
7859,762
7860,787
7861,737
7862,866
7863,888
7864,885
7865,799
7866,793
7867,785
7868,736
7869,798
7870,691
7871,673
7872,763
7873,778
7874,657
7875,842
7876,903
7877,850
7878,838
7879,789
7880,762
7881,804
7882,1042
7883,1011
7884,824
7885,898
7886,776
7887,763
7888,717
7889,817
7890,934
7891,932
7892,754
7893,881
7894,831
7895,849
7896,868
7897,839
7898,779
7899,813
7900,744
7901,688
7902,898
7903,882
7904,795
7905,889
7906,888
7907,799
7908,731
7909,758
7910,865
7911,844
7912,799
7913,803
7914,732
7915,790
7916,825
7917,920
7918,766
7919,704
7920,897
7921,846
7922,657
7923,973
7924,774
7925,790
7926,690
7927,1021
7928,767
7929,1045
7930,843
7931,811
7932,823
7933,780
7934,1130
7935,729
7936,909
7937,802
7938,773
7939,836
7940,810
7941,704
7942,716
7943,798
7944,899
7945,825
7946,745
7947,840
7948,777
7949,764
7950,717
7951,1034
7952,734
7953,837
7954,644
7955,851
7956,977
7957,954
7958,740
7959,745
7960,876
7961,966
7962,819
7963,690
7964,816
7965,700
7966,839
7967,820
7968,769
7969,915
7970,799
7971,884
7972,717
7973,771
7974,664
7975,731
7976,896
7977,896
7978,1062
7979,750
7980,678
7981,1056
7982,830
7983,852
7984,802
7985,715
7986,700
7987,827
7988,756
7989,823
7990,813
7991,879
7992,984
7993,845
7994,825
7995,734
7996,779
7997,834
7998,815
7999,935
8000,1005
8001,831
8002,1005
8003,757
8004,1010
8005,774
8006,797
8007,808
8008,869
8009,964
8010,791
8011,899
8012,904
8013,994
8014,774
8015,718
8016,824
8017,776
8018,892
8019,835
8020,866
8021,1039
8022,815
8023,909
8024,764
8025,951
8026,816
8027,929
8028,1004
8029,886
8030,762
8031,985
8032,749
8033,876
8034,850
8035,855
8036,718
8037,889
8038,831
8039,897
8040,829
8041,763
8042,823
8043,739
8044,777
8045,896
8046,821
8047,721
8048,667
8049,939
8050,729
8051,715
8052,772
8053,831
8054,1141
8055,823
8056,801
8057,875
8058,806
8059,857
8060,838
8061,916
8062,936
8063,746
8064,771
8065,805
8066,726
8067,836
8068,752
8069,979
8070,740
8071,867
8072,894
8073,843
8074,1064
8075,680
8076,969
8077,946
8078,986
8079,886
8080,731
8081,1080
8082,733
8083,823
8084,770
8085,905
8086,874
8087,872
8088,871
8089,714
8090,749
8091,891
8092,884
8093,730
8094,808
8095,732
8096,671
8097,805
8098,792
8099,1040
8100,877
8101,804
8102,775
8103,783
8104,1029
8105,926
8106,919
8107,774
8108,810
8109,946
8110,917
8111,780
8112,783
8113,815
8114,796
8115,772
8116,747
8117,786
8118,840
8119,881
8120,677
8121,691
8122,731
8123,810
8124,695
8125,759
8126,767
8127,865
8128,1036
8129,855
8130,755
8131,982
8132,825
8133,885
8134,807
8135,873
8136,807
8137,781
8138,941
8139,784
8140,829
8141,1058
8142,926
8143,802
8144,815
8145,970
8146,876
8147,751
8148,798
8149,860
8150,906
8151,952
8152,751
8153,743
8154,918
8155,836
8156,703
8157,736
8158,781
8159,778
8160,739
8161,1086
8162,856
8163,751
8164,814
8165,749
8166,778
8167,771
8168,792
8169,743
8170,771
8171,994
8172,983
8173,760
8174,814
8175,765
8176,860
8177,758
8178,711
8179,748
8180,1012
8181,817
8182,733
8183,826
8184,954
8185,858
8186,895
8187,997
8188,720
8189,934
8190,851
8191,774
